metabolite	batch_effect_applied	batch_effect_strength	drift_effect_applied_any_plate	n_plates_with_drift	drift_type_linear	drift_type_nonlinear	drift_type_ar1	drift_type_mixed
M1	TRUE	moderate	FALSE	0	0	0	0	0
M2	FALSE	none	FALSE	0	0	0	0	0
M3	TRUE	moderate	FALSE	0	0	0	0	0
M4	TRUE	moderate	FALSE	0	0	0	0	0
M5	TRUE	moderate	FALSE	0	0	0	0	0
M6	TRUE	moderate	TRUE	2	0	1	1	0
M7	FALSE	none	TRUE	2	1	0	0	1
M8	TRUE	moderate	FALSE	0	0	0	0	0
M9	TRUE	moderate	TRUE	2	0	0	1	1
M10	TRUE	moderate	TRUE	3	1	0	1	1
M11	FALSE	none	TRUE	3	0	1	1	1
M12	TRUE	moderate	FALSE	0	0	0	0	0
M13	TRUE	moderate	TRUE	2	1	1	0	0
M14	FALSE	none	FALSE	0	0	0	0	0
M15	TRUE	moderate	FALSE	0	0	0	0	0
M16	TRUE	moderate	TRUE	5	1	3	0	1
M17	TRUE	moderate	FALSE	0	0	0	0	0
M18	TRUE	moderate	TRUE	4	2	1	1	0
M19	TRUE	moderate	FALSE	0	0	0	0	0
M20	TRUE	moderate	TRUE	3	1	1	0	1
M21	TRUE	moderate	TRUE	4	1	2	0	1
M22	FALSE	none	TRUE	3	1	0	1	1
M23	FALSE	none	TRUE	3	0	1	1	1
M24	TRUE	moderate	FALSE	0	0	0	0	0
M25	TRUE	moderate	TRUE	3	1	1	1	0
M26	TRUE	moderate	FALSE	0	0	0	0	0
M27	TRUE	moderate	TRUE	3	0	1	1	1
M28	TRUE	moderate	FALSE	0	0	0	0	0
M29	TRUE	moderate	TRUE	1	1	0	0	0
M30	FALSE	none	TRUE	1	1	0	0	0
M31	FALSE	none	TRUE	3	1	1	1	0
M32	TRUE	moderate	TRUE	1	1	0	0	0
M33	TRUE	moderate	TRUE	2	1	1	0	0
M34	TRUE	moderate	FALSE	0	0	0	0	0
M35	TRUE	moderate	TRUE	1	0	1	0	0
M36	TRUE	strong	FALSE	0	0	0	0	0
M37	TRUE	moderate	TRUE	1	0	1	0	0
M38	TRUE	strong	TRUE	2	0	2	0	0
M39	TRUE	moderate	TRUE	4	2	1	0	1
M40	TRUE	moderate	FALSE	0	0	0	0	0
M41	FALSE	none	FALSE	0	0	0	0	0
M42	TRUE	moderate	TRUE	4	2	1	1	0
M43	TRUE	strong	FALSE	0	0	0	0	0
M44	TRUE	moderate	FALSE	0	0	0	0	0
M45	TRUE	moderate	TRUE	3	2	1	0	0
M46	TRUE	moderate	FALSE	0	0	0	0	0
M47	FALSE	none	FALSE	0	0	0	0	0
M48	TRUE	moderate	TRUE	1	0	0	0	1
M49	TRUE	moderate	TRUE	2	1	1	0	0
M50	FALSE	none	FALSE	0	0	0	0	0
M51	FALSE	none	TRUE	5	3	0	1	1
M52	FALSE	none	FALSE	0	0	0	0	0
M53	TRUE	moderate	TRUE	4	4	0	0	0
M54	TRUE	moderate	TRUE	3	1	1	1	0
M55	TRUE	strong	FALSE	0	0	0	0	0
M56	TRUE	moderate	FALSE	0	0	0	0	0
M57	TRUE	moderate	TRUE	2	0	2	0	0
M58	FALSE	none	TRUE	3	1	1	0	1
M59	TRUE	strong	FALSE	0	0	0	0	0
M60	TRUE	moderate	TRUE	4	3	1	0	0
M61	FALSE	none	TRUE	3	1	1	0	1
M62	TRUE	moderate	TRUE	3	1	2	0	0
M63	TRUE	moderate	TRUE	2	0	0	1	1
M64	TRUE	moderate	FALSE	0	0	0	0	0
M65	TRUE	moderate	TRUE	3	1	1	1	0
M66	TRUE	strong	FALSE	0	0	0	0	0
M67	FALSE	none	TRUE	3	1	0	1	1
M68	TRUE	moderate	TRUE	2	0	1	0	1
M69	FALSE	none	FALSE	0	0	0	0	0
M70	TRUE	moderate	FALSE	0	0	0	0	0
M71	TRUE	moderate	FALSE	0	0	0	0	0
M72	TRUE	moderate	TRUE	3	1	0	1	1
M73	TRUE	moderate	FALSE	0	0	0	0	0
M74	TRUE	moderate	TRUE	2	1	1	0	0
M75	TRUE	moderate	FALSE	0	0	0	0	0
M76	TRUE	moderate	TRUE	3	0	2	0	1
M77	FALSE	none	TRUE	2	0	0	1	1
M78	TRUE	moderate	TRUE	2	0	1	0	1
M79	FALSE	none	TRUE	3	1	2	0	0
M80	FALSE	none	TRUE	2	0	2	0	0
M81	TRUE	moderate	TRUE	4	2	1	1	0
M82	TRUE	strong	TRUE	2	2	0	0	0
M83	FALSE	none	TRUE	5	2	2	1	0
M84	FALSE	none	FALSE	0	0	0	0	0
M85	TRUE	moderate	FALSE	0	0	0	0	0
M86	TRUE	moderate	TRUE	3	1	1	0	1
M87	FALSE	none	FALSE	0	0	0	0	0
M88	FALSE	none	TRUE	2	0	1	0	1
M89	TRUE	moderate	TRUE	5	2	1	0	2
M90	TRUE	moderate	TRUE	2	1	0	0	1
M91	TRUE	moderate	TRUE	3	2	0	1	0
M92	TRUE	moderate	FALSE	0	0	0	0	0
M93	TRUE	moderate	TRUE	3	1	1	0	1
M94	TRUE	moderate	FALSE	0	0	0	0	0
M95	TRUE	moderate	TRUE	2	0	1	0	1
M96	TRUE	moderate	TRUE	3	1	2	0	0
M97	TRUE	moderate	TRUE	1	1	0	0	0
M98	FALSE	none	FALSE	0	0	0	0	0
M99	TRUE	moderate	FALSE	0	0	0	0	0
M100	TRUE	moderate	FALSE	0	0	0	0	0
M101	TRUE	moderate	TRUE	3	0	2	1	0
M102	FALSE	none	TRUE	1	1	0	0	0
M103	TRUE	moderate	FALSE	0	0	0	0	0
M104	TRUE	moderate	TRUE	4	0	0	3	1
M105	TRUE	moderate	TRUE	4	2	0	2	0
M106	TRUE	moderate	TRUE	3	2	1	0	0
M107	TRUE	moderate	TRUE	1	0	0	1	0
M108	TRUE	moderate	FALSE	0	0	0	0	0
M109	TRUE	moderate	FALSE	0	0	0	0	0
M110	TRUE	moderate	TRUE	2	1	1	0	0
M111	TRUE	moderate	TRUE	3	2	0	0	1
M112	TRUE	moderate	TRUE	2	0	1	0	1
M113	TRUE	strong	TRUE	2	1	1	0	0
M114	TRUE	moderate	TRUE	4	1	2	0	1
M115	TRUE	moderate	TRUE	3	1	1	1	0
M116	FALSE	none	TRUE	3	1	0	0	2
M117	TRUE	moderate	TRUE	3	2	1	0	0
M118	TRUE	strong	FALSE	0	0	0	0	0
M119	TRUE	moderate	FALSE	0	0	0	0	0
M120	FALSE	none	TRUE	4	2	1	1	0
M121	TRUE	moderate	TRUE	3	0	1	0	2
M122	TRUE	moderate	FALSE	0	0	0	0	0
M123	TRUE	moderate	FALSE	0	0	0	0	0
M124	FALSE	none	FALSE	0	0	0	0	0
M125	TRUE	moderate	TRUE	2	0	1	0	1
M126	TRUE	moderate	TRUE	4	1	2	0	1
M127	TRUE	moderate	TRUE	4	4	0	0	0
M128	FALSE	none	FALSE	0	0	0	0	0
M129	FALSE	none	TRUE	4	1	1	0	2
M130	TRUE	moderate	TRUE	4	0	3	0	1
M131	FALSE	none	TRUE	4	0	3	0	1
M132	TRUE	moderate	FALSE	0	0	0	0	0
M133	TRUE	moderate	TRUE	4	2	1	1	0
M134	TRUE	moderate	TRUE	2	1	0	0	1
M135	TRUE	moderate	FALSE	0	0	0	0	0
M136	TRUE	moderate	FALSE	0	0	0	0	0
M137	TRUE	moderate	TRUE	3	2	0	1	0
M138	FALSE	none	FALSE	0	0	0	0	0
M139	TRUE	moderate	TRUE	2	0	2	0	0
M140	FALSE	none	TRUE	3	1	1	1	0
M141	TRUE	moderate	FALSE	0	0	0	0	0
M142	TRUE	moderate	TRUE	1	0	0	0	1
M143	TRUE	moderate	FALSE	0	0	0	0	0
M144	TRUE	moderate	FALSE	0	0	0	0	0
M145	FALSE	none	TRUE	4	0	3	1	0
M146	FALSE	none	FALSE	0	0	0	0	0
M147	TRUE	moderate	TRUE	1	1	0	0	0
M148	TRUE	moderate	TRUE	1	1	0	0	0
M149	TRUE	moderate	FALSE	0	0	0	0	0
M150	TRUE	moderate	TRUE	4	1	3	0	0
M151	TRUE	moderate	FALSE	0	0	0	0	0
M152	TRUE	moderate	FALSE	0	0	0	0	0
M153	TRUE	moderate	TRUE	3	2	0	0	1
M154	FALSE	none	FALSE	0	0	0	0	0
M155	TRUE	moderate	TRUE	2	1	0	0	1
M156	TRUE	moderate	TRUE	3	1	2	0	0
M157	TRUE	moderate	TRUE	4	0	1	2	1
M158	TRUE	moderate	TRUE	2	1	1	0	0
M159	TRUE	moderate	FALSE	0	0	0	0	0
M160	TRUE	moderate	FALSE	0	0	0	0	0
M161	TRUE	moderate	TRUE	4	1	2	0	1
M162	FALSE	none	TRUE	2	1	1	0	0
M163	FALSE	none	TRUE	3	2	0	1	0
M164	FALSE	none	TRUE	4	1	3	0	0
M165	TRUE	moderate	TRUE	1	1	0	0	0
M166	TRUE	moderate	TRUE	3	1	1	0	1
M167	TRUE	strong	TRUE	4	1	2	1	0
M168	TRUE	moderate	TRUE	2	1	0	0	1
M169	FALSE	none	TRUE	4	3	0	0	1
M170	FALSE	none	FALSE	0	0	0	0	0
M171	TRUE	strong	FALSE	0	0	0	0	0
M172	FALSE	none	FALSE	0	0	0	0	0
M173	TRUE	moderate	FALSE	0	0	0	0	0
M174	FALSE	none	TRUE	3	0	2	0	1
M175	TRUE	moderate	TRUE	4	0	1	1	2
M176	TRUE	moderate	TRUE	2	2	0	0	0
M177	TRUE	moderate	TRUE	3	1	1	0	1
M178	TRUE	moderate	FALSE	0	0	0	0	0
M179	FALSE	none	TRUE	3	2	1	0	0
M180	TRUE	moderate	TRUE	4	2	1	1	0
M181	TRUE	strong	FALSE	0	0	0	0	0
M182	TRUE	moderate	TRUE	3	0	0	0	3
M183	TRUE	moderate	FALSE	0	0	0	0	0
M184	TRUE	moderate	FALSE	0	0	0	0	0
M185	TRUE	moderate	FALSE	0	0	0	0	0
M186	TRUE	moderate	TRUE	3	0	1	1	1
M187	TRUE	moderate	TRUE	4	1	2	0	1
M188	TRUE	moderate	FALSE	0	0	0	0	0
M189	TRUE	moderate	FALSE	0	0	0	0	0
M190	TRUE	moderate	TRUE	2	1	0	1	0
M191	TRUE	moderate	TRUE	2	2	0	0	0
M192	TRUE	moderate	TRUE	1	0	0	0	1
M193	TRUE	moderate	TRUE	3	3	0	0	0
M194	TRUE	moderate	FALSE	0	0	0	0	0
M195	TRUE	moderate	FALSE	0	0	0	0	0
M196	TRUE	moderate	FALSE	0	0	0	0	0
M197	TRUE	moderate	TRUE	2	2	0	0	0
M198	TRUE	moderate	TRUE	2	0	0	1	1
M199	TRUE	strong	TRUE	4	1	2	0	1
M200	TRUE	moderate	TRUE	2	1	1	0	0
M201	TRUE	moderate	TRUE	4	4	0	0	0
M202	TRUE	moderate	FALSE	0	0	0	0	0
M203	TRUE	moderate	FALSE	0	0	0	0	0
M204	TRUE	strong	FALSE	0	0	0	0	0
M205	TRUE	moderate	TRUE	3	0	0	3	0
M206	FALSE	none	FALSE	0	0	0	0	0
M207	TRUE	moderate	FALSE	0	0	0	0	0
M208	TRUE	moderate	TRUE	5	1	1	2	1
M209	TRUE	moderate	TRUE	4	1	2	0	1
M210	TRUE	moderate	TRUE	2	0	0	0	2
M211	TRUE	strong	TRUE	2	1	1	0	0
M212	TRUE	moderate	TRUE	2	2	0	0	0
M213	TRUE	moderate	TRUE	2	2	0	0	0
M214	FALSE	none	FALSE	0	0	0	0	0
M215	TRUE	moderate	FALSE	0	0	0	0	0
M216	FALSE	none	TRUE	3	0	1	1	1
M217	TRUE	moderate	FALSE	0	0	0	0	0
M218	FALSE	none	TRUE	2	2	0	0	0
M219	TRUE	moderate	TRUE	1	0	1	0	0
M220	TRUE	moderate	FALSE	0	0	0	0	0
M221	TRUE	moderate	TRUE	3	0	1	1	1
M222	TRUE	moderate	FALSE	0	0	0	0	0
M223	FALSE	none	FALSE	0	0	0	0	0
M224	TRUE	strong	TRUE	1	0	0	1	0
M225	FALSE	none	TRUE	2	1	0	0	1
M226	FALSE	none	FALSE	0	0	0	0	0
M227	TRUE	moderate	TRUE	2	1	1	0	0
M228	TRUE	moderate	FALSE	0	0	0	0	0
M229	FALSE	none	FALSE	0	0	0	0	0
M230	TRUE	moderate	TRUE	1	0	0	0	1
M231	FALSE	none	FALSE	0	0	0	0	0
M232	FALSE	none	FALSE	0	0	0	0	0
M233	TRUE	moderate	FALSE	0	0	0	0	0
M234	TRUE	moderate	TRUE	2	0	0	2	0
M235	TRUE	moderate	FALSE	0	0	0	0	0
M236	TRUE	moderate	TRUE	2	1	0	1	0
M237	FALSE	none	TRUE	2	1	1	0	0
M238	FALSE	none	TRUE	5	4	1	0	0
M239	TRUE	moderate	TRUE	3	2	0	1	0
M240	TRUE	moderate	FALSE	0	0	0	0	0
M241	TRUE	moderate	TRUE	2	1	0	1	0
M242	FALSE	none	TRUE	5	2	1	2	0
M243	TRUE	moderate	FALSE	0	0	0	0	0
M244	TRUE	moderate	FALSE	0	0	0	0	0
M245	TRUE	moderate	TRUE	3	1	2	0	0
M246	TRUE	moderate	TRUE	3	2	0	0	1
M247	FALSE	none	TRUE	5	1	1	2	1
M248	FALSE	none	FALSE	0	0	0	0	0
M249	TRUE	moderate	TRUE	2	1	0	0	1
M250	TRUE	moderate	TRUE	3	1	1	0	1
M251	TRUE	strong	TRUE	1	0	0	0	1
M252	FALSE	none	FALSE	0	0	0	0	0
M253	TRUE	moderate	TRUE	2	2	0	0	0
M254	FALSE	none	TRUE	2	1	1	0	0
M255	TRUE	moderate	FALSE	0	0	0	0	0
M256	TRUE	moderate	TRUE	3	1	2	0	0
M257	TRUE	moderate	FALSE	0	0	0	0	0
M258	FALSE	none	TRUE	1	0	0	0	1
M259	TRUE	strong	TRUE	2	1	1	0	0
M260	TRUE	moderate	FALSE	0	0	0	0	0
M261	TRUE	moderate	FALSE	0	0	0	0	0
M262	FALSE	none	TRUE	2	1	1	0	0
M263	TRUE	moderate	TRUE	1	1	0	0	0
M264	TRUE	moderate	TRUE	5	3	0	0	2
M265	FALSE	none	TRUE	4	2	1	1	0
M266	TRUE	moderate	FALSE	0	0	0	0	0
M267	TRUE	moderate	FALSE	0	0	0	0	0
M268	FALSE	none	TRUE	3	2	0	0	1
M269	TRUE	moderate	FALSE	0	0	0	0	0
M270	TRUE	moderate	TRUE	3	0	2	1	0
M271	TRUE	moderate	TRUE	4	1	1	1	1
M272	TRUE	moderate	TRUE	3	2	0	0	1
M273	FALSE	none	TRUE	3	1	0	2	0
M274	TRUE	moderate	FALSE	0	0	0	0	0
M275	TRUE	moderate	FALSE	0	0	0	0	0
M276	TRUE	moderate	FALSE	0	0	0	0	0
M277	TRUE	strong	FALSE	0	0	0	0	0
M278	FALSE	none	TRUE	3	1	0	0	2
M279	TRUE	moderate	FALSE	0	0	0	0	0
M280	FALSE	none	TRUE	1	0	0	1	0
M281	TRUE	moderate	TRUE	4	2	0	1	1
M282	TRUE	moderate	TRUE	2	2	0	0	0
M283	TRUE	moderate	TRUE	5	1	1	1	2
M284	TRUE	moderate	TRUE	4	1	1	0	2
M285	FALSE	none	FALSE	0	0	0	0	0
M286	TRUE	moderate	FALSE	0	0	0	0	0
M287	TRUE	moderate	FALSE	0	0	0	0	0
M288	FALSE	none	FALSE	0	0	0	0	0
M289	FALSE	none	TRUE	3	0	2	0	1
M290	TRUE	moderate	TRUE	3	1	2	0	0
M291	TRUE	moderate	FALSE	0	0	0	0	0
M292	TRUE	moderate	FALSE	0	0	0	0	0
M293	FALSE	none	TRUE	2	1	1	0	0
M294	TRUE	moderate	FALSE	0	0	0	0	0
M295	FALSE	none	FALSE	0	0	0	0	0
M296	TRUE	moderate	FALSE	0	0	0	0	0
M297	FALSE	none	FALSE	0	0	0	0	0
M298	TRUE	moderate	FALSE	0	0	0	0	0
M299	TRUE	moderate	TRUE	1	1	0	0	0
M300	TRUE	moderate	TRUE	2	1	0	1	0
M301	TRUE	moderate	FALSE	0	0	0	0	0
M302	TRUE	strong	TRUE	3	2	1	0	0
M303	TRUE	moderate	TRUE	3	2	0	1	0
M304	TRUE	moderate	FALSE	0	0	0	0	0
M305	FALSE	none	FALSE	0	0	0	0	0
M306	TRUE	moderate	TRUE	3	0	2	0	1
M307	TRUE	strong	TRUE	2	1	0	0	1
M308	TRUE	moderate	TRUE	4	2	1	0	1
M309	FALSE	none	FALSE	0	0	0	0	0
M310	TRUE	moderate	TRUE	2	0	2	0	0
M311	TRUE	moderate	TRUE	3	2	0	0	1
M312	TRUE	moderate	TRUE	2	1	0	0	1
M313	TRUE	moderate	TRUE	3	1	1	0	1
M314	FALSE	none	TRUE	2	1	0	1	0
M315	TRUE	moderate	TRUE	2	0	1	0	1
M316	TRUE	moderate	TRUE	2	0	1	1	0
M317	TRUE	moderate	FALSE	0	0	0	0	0
M318	TRUE	moderate	TRUE	4	0	2	0	2
M319	TRUE	strong	FALSE	0	0	0	0	0
M320	TRUE	moderate	TRUE	4	2	1	1	0
M321	FALSE	none	FALSE	0	0	0	0	0
M322	TRUE	moderate	TRUE	2	2	0	0	0
M323	TRUE	moderate	FALSE	0	0	0	0	0
M324	TRUE	moderate	TRUE	1	1	0	0	0
M325	TRUE	moderate	TRUE	2	0	0	0	2
M326	TRUE	moderate	FALSE	0	0	0	0	0
M327	TRUE	moderate	TRUE	1	1	0	0	0
M328	TRUE	strong	TRUE	2	0	2	0	0
M329	TRUE	moderate	TRUE	3	1	1	1	0
M330	TRUE	moderate	FALSE	0	0	0	0	0
M331	TRUE	moderate	TRUE	2	2	0	0	0
M332	FALSE	none	FALSE	0	0	0	0	0
M333	TRUE	strong	TRUE	3	1	2	0	0
M334	TRUE	moderate	TRUE	4	2	0	1	1
M335	TRUE	moderate	TRUE	2	1	0	0	1
M336	FALSE	none	TRUE	4	1	1	0	2
M337	TRUE	moderate	TRUE	2	1	1	0	0
M338	TRUE	moderate	TRUE	4	3	1	0	0
M339	TRUE	moderate	TRUE	3	0	1	0	2
M340	TRUE	moderate	FALSE	0	0	0	0	0
M341	TRUE	moderate	TRUE	5	1	1	2	1
M342	TRUE	moderate	TRUE	2	1	1	0	0
M343	FALSE	none	TRUE	4	0	2	0	2
M344	FALSE	none	FALSE	0	0	0	0	0
M345	TRUE	moderate	TRUE	2	0	1	1	0
M346	TRUE	strong	TRUE	4	2	0	2	0
M347	FALSE	none	FALSE	0	0	0	0	0
M348	TRUE	moderate	FALSE	0	0	0	0	0
M349	FALSE	none	TRUE	1	1	0	0	0
M350	TRUE	strong	TRUE	5	3	1	1	0
M351	FALSE	none	TRUE	5	1	3	0	1
M352	FALSE	none	TRUE	3	0	2	1	0
M353	TRUE	moderate	FALSE	0	0	0	0	0
M354	FALSE	none	FALSE	0	0	0	0	0
M355	TRUE	moderate	FALSE	0	0	0	0	0
M356	TRUE	moderate	TRUE	4	1	2	1	0
M357	TRUE	moderate	FALSE	0	0	0	0	0
M358	FALSE	none	FALSE	0	0	0	0	0
M359	TRUE	moderate	TRUE	1	0	1	0	0
M360	FALSE	none	TRUE	4	0	2	2	0
M361	TRUE	moderate	TRUE	2	2	0	0	0
M362	TRUE	moderate	TRUE	1	0	1	0	0
M363	FALSE	none	TRUE	2	1	1	0	0
M364	FALSE	none	TRUE	3	0	1	1	1
M365	TRUE	strong	FALSE	0	0	0	0	0
M366	TRUE	strong	TRUE	4	1	1	2	0
M367	FALSE	none	TRUE	3	1	0	2	0
M368	FALSE	none	FALSE	0	0	0	0	0
M369	TRUE	strong	FALSE	0	0	0	0	0
M370	TRUE	moderate	TRUE	1	1	0	0	0
M371	TRUE	moderate	FALSE	0	0	0	0	0
M372	FALSE	none	TRUE	2	1	0	1	0
M373	FALSE	none	TRUE	4	3	1	0	0
M374	TRUE	moderate	FALSE	0	0	0	0	0
M375	TRUE	moderate	FALSE	0	0	0	0	0
M376	TRUE	moderate	FALSE	0	0	0	0	0
M377	TRUE	moderate	TRUE	4	2	1	1	0
M378	TRUE	moderate	TRUE	2	1	1	0	0
M379	TRUE	moderate	FALSE	0	0	0	0	0
M380	FALSE	none	FALSE	0	0	0	0	0
M381	FALSE	none	TRUE	2	1	0	0	1
M382	TRUE	moderate	FALSE	0	0	0	0	0
M383	TRUE	moderate	TRUE	1	0	1	0	0
M384	FALSE	none	TRUE	1	0	1	0	0
M385	TRUE	moderate	TRUE	2	1	1	0	0
M386	TRUE	moderate	TRUE	2	1	1	0	0
M387	TRUE	moderate	TRUE	3	1	1	0	1
M388	FALSE	none	FALSE	0	0	0	0	0
M389	FALSE	none	TRUE	3	1	1	0	1
M390	TRUE	moderate	TRUE	3	2	0	1	0
M391	FALSE	none	TRUE	2	0	1	0	1
M392	TRUE	moderate	FALSE	0	0	0	0	0
M393	TRUE	moderate	FALSE	0	0	0	0	0
M394	FALSE	none	TRUE	5	3	0	2	0
M395	TRUE	moderate	TRUE	4	0	2	0	2
M396	TRUE	moderate	TRUE	3	1	1	0	1
M397	TRUE	moderate	FALSE	0	0	0	0	0
M398	FALSE	none	TRUE	2	0	0	1	1
M399	TRUE	moderate	FALSE	0	0	0	0	0
M400	TRUE	moderate	TRUE	4	1	1	1	1
M401	FALSE	none	FALSE	0	0	0	0	0
M402	TRUE	moderate	TRUE	4	1	1	2	0
M403	TRUE	moderate	FALSE	0	0	0	0	0
M404	TRUE	moderate	TRUE	4	2	2	0	0
M405	TRUE	strong	TRUE	5	2	1	2	0
M406	FALSE	none	FALSE	0	0	0	0	0
M407	FALSE	none	FALSE	0	0	0	0	0
M408	FALSE	none	TRUE	2	0	1	1	0
M409	TRUE	moderate	TRUE	4	1	1	0	2
M410	TRUE	moderate	FALSE	0	0	0	0	0
M411	TRUE	moderate	TRUE	4	2	1	0	1
M412	TRUE	strong	TRUE	4	2	2	0	0
M413	TRUE	moderate	TRUE	4	1	1	1	1
M414	TRUE	moderate	FALSE	0	0	0	0	0
M415	TRUE	moderate	FALSE	0	0	0	0	0
M416	TRUE	moderate	FALSE	0	0	0	0	0
M417	FALSE	none	FALSE	0	0	0	0	0
M418	TRUE	moderate	TRUE	4	1	0	0	3
M419	TRUE	moderate	TRUE	1	0	0	1	0
M420	TRUE	moderate	TRUE	3	2	0	0	1
M421	FALSE	none	TRUE	3	1	0	0	2
M422	TRUE	moderate	TRUE	3	2	1	0	0
M423	FALSE	none	TRUE	2	0	1	0	1
M424	TRUE	moderate	TRUE	2	2	0	0	0
M425	TRUE	moderate	TRUE	3	3	0	0	0
M426	TRUE	moderate	FALSE	0	0	0	0	0
M427	TRUE	moderate	TRUE	4	4	0	0	0
M428	TRUE	moderate	TRUE	2	0	1	1	0
M429	TRUE	strong	FALSE	0	0	0	0	0
M430	FALSE	none	FALSE	0	0	0	0	0
M431	FALSE	none	TRUE	2	1	1	0	0
M432	TRUE	moderate	TRUE	2	2	0	0	0
M433	FALSE	none	TRUE	3	0	2	0	1
M434	FALSE	none	TRUE	4	1	2	0	1
M435	TRUE	strong	TRUE	3	0	3	0	0
M436	FALSE	none	FALSE	0	0	0	0	0
M437	TRUE	moderate	TRUE	2	1	1	0	0
M438	FALSE	none	FALSE	0	0	0	0	0
M439	TRUE	moderate	FALSE	0	0	0	0	0
M440	TRUE	moderate	FALSE	0	0	0	0	0
M441	FALSE	none	TRUE	2	1	0	0	1
M442	FALSE	none	TRUE	5	3	0	1	1
M443	TRUE	moderate	TRUE	3	0	2	0	1
M444	FALSE	none	FALSE	0	0	0	0	0
M445	TRUE	strong	TRUE	2	1	1	0	0
M446	FALSE	none	TRUE	2	1	0	0	1
M447	TRUE	moderate	TRUE	2	0	0	2	0
M448	FALSE	none	FALSE	0	0	0	0	0
M449	TRUE	moderate	FALSE	0	0	0	0	0
M450	FALSE	none	FALSE	0	0	0	0	0
M451	TRUE	moderate	FALSE	0	0	0	0	0
M452	FALSE	none	FALSE	0	0	0	0	0
M453	FALSE	none	TRUE	4	0	1	2	1
M454	TRUE	moderate	FALSE	0	0	0	0	0
M455	TRUE	moderate	FALSE	0	0	0	0	0
M456	TRUE	moderate	FALSE	0	0	0	0	0
M457	TRUE	moderate	TRUE	4	2	1	0	1
M458	TRUE	moderate	FALSE	0	0	0	0	0
M459	TRUE	moderate	FALSE	0	0	0	0	0
M460	FALSE	none	TRUE	3	2	0	0	1
M461	TRUE	moderate	FALSE	0	0	0	0	0
M462	FALSE	none	FALSE	0	0	0	0	0
M463	FALSE	none	FALSE	0	0	0	0	0
M464	FALSE	none	TRUE	2	0	1	0	1
M465	FALSE	none	FALSE	0	0	0	0	0
M466	FALSE	none	TRUE	5	3	1	0	1
M467	TRUE	moderate	FALSE	0	0	0	0	0
M468	TRUE	moderate	TRUE	2	1	1	0	0
M469	FALSE	none	TRUE	1	0	1	0	0
M470	TRUE	moderate	FALSE	0	0	0	0	0
M471	FALSE	none	FALSE	0	0	0	0	0
M472	FALSE	none	TRUE	2	1	0	0	1
M473	TRUE	moderate	FALSE	0	0	0	0	0
M474	FALSE	none	TRUE	1	0	0	1	0
M475	TRUE	moderate	FALSE	0	0	0	0	0
M476	FALSE	none	TRUE	3	3	0	0	0
M477	TRUE	moderate	TRUE	4	3	0	0	1
M478	TRUE	moderate	FALSE	0	0	0	0	0
M479	TRUE	moderate	FALSE	0	0	0	0	0
M480	TRUE	moderate	TRUE	3	0	3	0	0
M481	TRUE	moderate	TRUE	3	0	2	1	0
M482	TRUE	moderate	FALSE	0	0	0	0	0
M483	TRUE	moderate	FALSE	0	0	0	0	0
M484	TRUE	moderate	FALSE	0	0	0	0	0
M485	TRUE	moderate	TRUE	2	0	1	0	1
M486	TRUE	moderate	FALSE	0	0	0	0	0
M487	FALSE	none	TRUE	2	0	2	0	0
M488	TRUE	moderate	FALSE	0	0	0	0	0
M489	TRUE	moderate	TRUE	5	2	3	0	0
M490	FALSE	none	FALSE	0	0	0	0	0
M491	TRUE	moderate	TRUE	2	0	0	1	1
M492	TRUE	moderate	TRUE	4	2	2	0	0
M493	TRUE	moderate	FALSE	0	0	0	0	0
M494	TRUE	moderate	TRUE	1	0	0	1	0
M495	FALSE	none	TRUE	4	1	0	1	2
M496	FALSE	none	FALSE	0	0	0	0	0
M497	FALSE	none	TRUE	4	1	2	1	0
M498	FALSE	none	TRUE	2	0	1	1	0
M499	TRUE	moderate	FALSE	0	0	0	0	0
M500	TRUE	moderate	FALSE	0	0	0	0	0
M501	TRUE	moderate	TRUE	4	1	1	0	2
M502	FALSE	none	TRUE	2	0	1	0	1
M503	FALSE	none	TRUE	2	2	0	0	0
M504	FALSE	none	TRUE	1	0	1	0	0
M505	FALSE	none	FALSE	0	0	0	0	0
M506	TRUE	moderate	TRUE	2	0	1	0	1
M507	TRUE	moderate	TRUE	3	1	1	1	0
M508	FALSE	none	TRUE	3	1	1	0	1
M509	TRUE	moderate	FALSE	0	0	0	0	0
M510	TRUE	strong	TRUE	3	1	0	0	2
M511	FALSE	none	TRUE	1	0	1	0	0
M512	TRUE	strong	TRUE	3	1	1	0	1
M513	TRUE	moderate	FALSE	0	0	0	0	0
M514	FALSE	none	TRUE	4	2	0	1	1
M515	TRUE	moderate	TRUE	3	2	0	1	0
M516	TRUE	moderate	TRUE	1	1	0	0	0
M517	TRUE	moderate	TRUE	1	0	0	0	1
M518	TRUE	moderate	FALSE	0	0	0	0	0
M519	TRUE	strong	TRUE	2	1	1	0	0
M520	TRUE	moderate	TRUE	3	2	1	0	0
M521	TRUE	moderate	TRUE	1	0	1	0	0
M522	FALSE	none	FALSE	0	0	0	0	0
M523	TRUE	moderate	TRUE	3	1	1	1	0
M524	TRUE	moderate	FALSE	0	0	0	0	0
M525	FALSE	none	FALSE	0	0	0	0	0
M526	TRUE	moderate	FALSE	0	0	0	0	0
M527	TRUE	moderate	FALSE	0	0	0	0	0
M528	FALSE	none	TRUE	1	0	0	0	1
M529	FALSE	none	FALSE	0	0	0	0	0
M530	FALSE	none	TRUE	2	0	1	0	1
M531	FALSE	none	FALSE	0	0	0	0	0
M532	FALSE	none	FALSE	0	0	0	0	0
M533	TRUE	moderate	FALSE	0	0	0	0	0
M534	TRUE	moderate	TRUE	1	0	1	0	0
M535	TRUE	moderate	TRUE	4	0	1	0	3
M536	TRUE	moderate	TRUE	2	0	1	0	1
M537	TRUE	moderate	FALSE	0	0	0	0	0
M538	FALSE	none	TRUE	1	0	0	0	1
M539	FALSE	none	TRUE	1	0	1	0	0
M540	TRUE	moderate	TRUE	3	1	2	0	0
M541	FALSE	none	FALSE	0	0	0	0	0
M542	TRUE	moderate	TRUE	3	1	1	0	1
M543	TRUE	moderate	TRUE	3	0	3	0	0
M544	TRUE	moderate	FALSE	0	0	0	0	0
M545	FALSE	none	TRUE	1	0	1	0	0
M546	TRUE	moderate	FALSE	0	0	0	0	0
M547	TRUE	moderate	TRUE	4	2	1	1	0
M548	FALSE	none	TRUE	1	1	0	0	0
M549	TRUE	moderate	FALSE	0	0	0	0	0
M550	TRUE	moderate	TRUE	4	2	2	0	0
M551	FALSE	none	TRUE	3	0	2	1	0
M552	TRUE	moderate	TRUE	5	1	1	0	3
M553	FALSE	none	FALSE	0	0	0	0	0
M554	TRUE	strong	FALSE	0	0	0	0	0
M555	TRUE	moderate	TRUE	3	1	1	1	0
M556	TRUE	moderate	FALSE	0	0	0	0	0
M557	TRUE	moderate	TRUE	4	1	1	1	1
M558	TRUE	moderate	TRUE	3	0	2	0	1
M559	FALSE	none	FALSE	0	0	0	0	0
M560	TRUE	moderate	FALSE	0	0	0	0	0
M561	FALSE	none	TRUE	3	0	3	0	0
M562	TRUE	moderate	TRUE	1	0	0	0	1
M563	TRUE	moderate	TRUE	3	1	2	0	0
M564	FALSE	none	FALSE	0	0	0	0	0
M565	TRUE	moderate	TRUE	4	0	3	0	1
M566	FALSE	none	TRUE	2	2	0	0	0
M567	FALSE	none	TRUE	3	1	1	0	1
M568	TRUE	moderate	FALSE	0	0	0	0	0
M569	FALSE	none	FALSE	0	0	0	0	0
M570	FALSE	none	FALSE	0	0	0	0	0
M571	TRUE	moderate	TRUE	2	2	0	0	0
M572	TRUE	moderate	TRUE	1	1	0	0	0
M573	FALSE	none	TRUE	3	1	1	0	1
M574	TRUE	moderate	TRUE	4	0	2	0	2
M575	FALSE	none	TRUE	2	2	0	0	0
M576	TRUE	moderate	FALSE	0	0	0	0	0
M577	TRUE	moderate	FALSE	0	0	0	0	0
M578	TRUE	moderate	TRUE	1	0	1	0	0
M579	TRUE	moderate	TRUE	3	2	0	1	0
M580	FALSE	none	TRUE	2	1	1	0	0
M581	FALSE	none	TRUE	5	3	0	0	2
M582	TRUE	moderate	TRUE	4	1	2	1	0
M583	TRUE	moderate	FALSE	0	0	0	0	0
M584	TRUE	moderate	TRUE	3	2	1	0	0
M585	TRUE	moderate	FALSE	0	0	0	0	0
M586	TRUE	moderate	FALSE	0	0	0	0	0
M587	TRUE	moderate	FALSE	0	0	0	0	0
M588	FALSE	none	TRUE	1	0	1	0	0
M589	TRUE	strong	TRUE	1	1	0	0	0
M590	TRUE	moderate	FALSE	0	0	0	0	0
M591	FALSE	none	FALSE	0	0	0	0	0
M592	TRUE	moderate	TRUE	3	1	0	0	2
M593	TRUE	moderate	FALSE	0	0	0	0	0
M594	TRUE	moderate	TRUE	2	2	0	0	0
M595	TRUE	strong	TRUE	4	2	0	0	2
M596	TRUE	strong	FALSE	0	0	0	0	0
M597	TRUE	moderate	TRUE	2	2	0	0	0
M598	TRUE	moderate	TRUE	2	1	1	0	0
M599	TRUE	moderate	FALSE	0	0	0	0	0
M600	TRUE	moderate	FALSE	0	0	0	0	0
M601	TRUE	moderate	FALSE	0	0	0	0	0
M602	FALSE	none	FALSE	0	0	0	0	0
M603	TRUE	moderate	TRUE	2	1	1	0	0
M604	FALSE	none	TRUE	5	1	1	1	2
M605	TRUE	moderate	TRUE	4	1	1	1	1
M606	TRUE	moderate	TRUE	2	1	1	0	0
M607	TRUE	moderate	TRUE	3	1	1	0	1
M608	TRUE	moderate	FALSE	0	0	0	0	0
M609	TRUE	moderate	FALSE	0	0	0	0	0
M610	TRUE	moderate	TRUE	2	2	0	0	0
M611	FALSE	none	FALSE	0	0	0	0	0
M612	TRUE	moderate	TRUE	3	1	0	1	1
M613	TRUE	moderate	FALSE	0	0	0	0	0
M614	TRUE	moderate	TRUE	3	1	0	0	2
M615	TRUE	strong	TRUE	3	2	0	0	1
M616	TRUE	moderate	FALSE	0	0	0	0	0
M617	TRUE	moderate	TRUE	4	2	1	0	1
M618	TRUE	moderate	TRUE	2	2	0	0	0
M619	TRUE	strong	FALSE	0	0	0	0	0
M620	FALSE	none	FALSE	0	0	0	0	0
M621	TRUE	moderate	FALSE	0	0	0	0	0
M622	TRUE	moderate	TRUE	1	1	0	0	0
M623	TRUE	moderate	FALSE	0	0	0	0	0
M624	TRUE	moderate	FALSE	0	0	0	0	0
M625	FALSE	none	TRUE	3	0	2	0	1
M626	TRUE	moderate	TRUE	2	0	1	1	0
M627	FALSE	none	TRUE	1	0	1	0	0
M628	FALSE	none	TRUE	1	1	0	0	0
M629	TRUE	moderate	TRUE	3	1	1	1	0
M630	TRUE	moderate	TRUE	3	2	0	0	1
M631	TRUE	moderate	TRUE	3	1	0	0	2
M632	FALSE	none	FALSE	0	0	0	0	0
M633	FALSE	none	TRUE	1	0	1	0	0
M634	TRUE	moderate	TRUE	3	1	2	0	0
M635	TRUE	moderate	FALSE	0	0	0	0	0
M636	FALSE	none	FALSE	0	0	0	0	0
M637	TRUE	moderate	TRUE	2	1	0	0	1
M638	TRUE	strong	TRUE	3	1	1	0	1
M639	TRUE	moderate	FALSE	0	0	0	0	0
M640	FALSE	none	FALSE	0	0	0	0	0
M641	FALSE	none	FALSE	0	0	0	0	0
M642	TRUE	moderate	FALSE	0	0	0	0	0
M643	TRUE	moderate	TRUE	3	1	1	0	1
M644	TRUE	moderate	FALSE	0	0	0	0	0
M645	TRUE	moderate	TRUE	2	1	1	0	0
M646	TRUE	moderate	TRUE	5	1	2	1	1
M647	TRUE	moderate	FALSE	0	0	0	0	0
M648	FALSE	none	TRUE	3	0	1	1	1
M649	TRUE	moderate	TRUE	4	1	1	0	2
M650	FALSE	none	TRUE	4	1	0	1	2
M651	TRUE	moderate	FALSE	0	0	0	0	0
M652	TRUE	moderate	TRUE	2	0	2	0	0
M653	FALSE	none	FALSE	0	0	0	0	0
M654	TRUE	moderate	TRUE	2	1	1	0	0
M655	TRUE	moderate	TRUE	4	1	1	1	1
M656	FALSE	none	TRUE	4	1	2	1	0
M657	TRUE	moderate	FALSE	0	0	0	0	0
M658	TRUE	moderate	FALSE	0	0	0	0	0
M659	TRUE	moderate	FALSE	0	0	0	0	0
M660	TRUE	moderate	TRUE	2	0	0	1	1
M661	TRUE	moderate	TRUE	2	0	1	1	0
M662	TRUE	moderate	TRUE	2	1	1	0	0
M663	TRUE	moderate	FALSE	0	0	0	0	0
M664	TRUE	moderate	TRUE	4	1	0	0	3
M665	FALSE	none	FALSE	0	0	0	0	0
M666	TRUE	moderate	TRUE	4	1	0	1	2
M667	TRUE	moderate	TRUE	2	1	1	0	0
M668	TRUE	moderate	TRUE	2	1	1	0	0
M669	TRUE	moderate	TRUE	3	0	0	1	2
M670	FALSE	none	FALSE	0	0	0	0	0
M671	TRUE	moderate	FALSE	0	0	0	0	0
M672	TRUE	moderate	FALSE	0	0	0	0	0
M673	TRUE	moderate	FALSE	0	0	0	0	0
M674	FALSE	none	FALSE	0	0	0	0	0
M675	TRUE	moderate	TRUE	3	2	0	1	0
M676	FALSE	none	TRUE	5	3	0	1	1
M677	TRUE	moderate	FALSE	0	0	0	0	0
M678	TRUE	strong	TRUE	3	1	0	1	1
M679	FALSE	none	TRUE	3	0	3	0	0
M680	TRUE	moderate	FALSE	0	0	0	0	0
M681	FALSE	none	TRUE	2	2	0	0	0
M682	TRUE	moderate	FALSE	0	0	0	0	0
M683	FALSE	none	FALSE	0	0	0	0	0
M684	TRUE	moderate	FALSE	0	0	0	0	0
M685	FALSE	none	FALSE	0	0	0	0	0
M686	TRUE	moderate	TRUE	3	1	1	0	1
M687	TRUE	moderate	FALSE	0	0	0	0	0
M688	FALSE	none	FALSE	0	0	0	0	0
M689	TRUE	moderate	FALSE	0	0	0	0	0
M690	TRUE	strong	FALSE	0	0	0	0	0
M691	TRUE	moderate	TRUE	2	1	0	0	1
M692	TRUE	moderate	FALSE	0	0	0	0	0
M693	TRUE	moderate	TRUE	3	1	1	0	1
M694	TRUE	moderate	FALSE	0	0	0	0	0
M695	TRUE	moderate	TRUE	3	2	1	0	0
M696	TRUE	strong	TRUE	4	1	1	1	1
M697	FALSE	none	FALSE	0	0	0	0	0
M698	TRUE	moderate	FALSE	0	0	0	0	0
M699	TRUE	moderate	TRUE	3	1	1	0	1
M700	TRUE	moderate	TRUE	3	2	1	0	0
M701	TRUE	moderate	TRUE	3	1	1	0	1
M702	TRUE	moderate	FALSE	0	0	0	0	0
M703	TRUE	moderate	TRUE	3	1	2	0	0
M704	TRUE	moderate	FALSE	0	0	0	0	0
M705	TRUE	moderate	TRUE	1	1	0	0	0
M706	TRUE	strong	TRUE	1	1	0	0	0
M707	TRUE	moderate	FALSE	0	0	0	0	0
M708	TRUE	moderate	FALSE	0	0	0	0	0
M709	TRUE	moderate	TRUE	2	2	0	0	0
M710	TRUE	moderate	FALSE	0	0	0	0	0
M711	TRUE	moderate	TRUE	1	0	0	1	0
M712	TRUE	moderate	TRUE	1	0	0	0	1
M713	FALSE	none	TRUE	1	1	0	0	0
M714	FALSE	none	TRUE	2	1	1	0	0
M715	TRUE	moderate	TRUE	4	1	0	1	2
M716	TRUE	moderate	FALSE	0	0	0	0	0
M717	TRUE	moderate	TRUE	4	3	0	1	0
M718	FALSE	none	TRUE	3	2	1	0	0
M719	FALSE	none	FALSE	0	0	0	0	0
M720	TRUE	moderate	TRUE	3	0	1	0	2
M721	TRUE	moderate	TRUE	3	1	0	1	1
M722	TRUE	moderate	TRUE	2	1	1	0	0
M723	TRUE	moderate	FALSE	0	0	0	0	0
M724	TRUE	moderate	FALSE	0	0	0	0	0
M725	FALSE	none	TRUE	3	0	0	0	3
M726	TRUE	moderate	FALSE	0	0	0	0	0
M727	TRUE	moderate	FALSE	0	0	0	0	0
M728	FALSE	none	TRUE	3	0	1	1	1
M729	TRUE	moderate	FALSE	0	0	0	0	0
M730	FALSE	none	TRUE	2	1	0	0	1
M731	FALSE	none	FALSE	0	0	0	0	0
M732	FALSE	none	TRUE	4	2	2	0	0
M733	TRUE	moderate	TRUE	4	2	0	0	2
M734	TRUE	moderate	TRUE	5	3	0	1	1
M735	TRUE	moderate	TRUE	1	1	0	0	0
M736	TRUE	moderate	TRUE	4	2	0	1	1
M737	FALSE	none	FALSE	0	0	0	0	0
M738	TRUE	moderate	FALSE	0	0	0	0	0
M739	TRUE	moderate	FALSE	0	0	0	0	0
M740	TRUE	moderate	FALSE	0	0	0	0	0
M741	TRUE	moderate	TRUE	5	2	2	0	1
M742	TRUE	moderate	FALSE	0	0	0	0	0
M743	TRUE	moderate	TRUE	4	0	2	1	1
M744	FALSE	none	TRUE	1	1	0	0	0
M745	FALSE	none	TRUE	4	2	2	0	0
M746	TRUE	moderate	FALSE	0	0	0	0	0
M747	FALSE	none	TRUE	2	0	1	1	0
M748	TRUE	moderate	FALSE	0	0	0	0	0
M749	TRUE	strong	TRUE	3	2	1	0	0
M750	TRUE	moderate	FALSE	0	0	0	0	0
M751	TRUE	moderate	TRUE	1	1	0	0	0
M752	FALSE	none	FALSE	0	0	0	0	0
M753	TRUE	moderate	FALSE	0	0	0	0	0
M754	TRUE	moderate	FALSE	0	0	0	0	0
M755	FALSE	none	TRUE	3	2	1	0	0
M756	FALSE	none	TRUE	4	1	2	1	0
M757	TRUE	moderate	FALSE	0	0	0	0	0
M758	TRUE	moderate	TRUE	2	2	0	0	0
M759	TRUE	moderate	FALSE	0	0	0	0	0
M760	TRUE	moderate	TRUE	1	0	0	0	1
M761	FALSE	none	FALSE	0	0	0	0	0
M762	FALSE	none	FALSE	0	0	0	0	0
M763	TRUE	moderate	TRUE	2	0	1	1	0
M764	TRUE	moderate	FALSE	0	0	0	0	0
M765	TRUE	moderate	FALSE	0	0	0	0	0
M766	TRUE	moderate	TRUE	1	0	1	0	0
M767	FALSE	none	FALSE	0	0	0	0	0
M768	TRUE	moderate	FALSE	0	0	0	0	0
M769	TRUE	moderate	TRUE	2	1	1	0	0
M770	TRUE	moderate	TRUE	5	1	1	0	3
M771	TRUE	moderate	TRUE	2	1	0	0	1
M772	TRUE	moderate	TRUE	3	1	0	1	1
M773	TRUE	moderate	TRUE	2	0	1	1	0
M774	FALSE	none	FALSE	0	0	0	0	0
M775	TRUE	moderate	TRUE	1	0	0	1	0
M776	FALSE	none	FALSE	0	0	0	0	0
M777	TRUE	moderate	FALSE	0	0	0	0	0
M778	FALSE	none	FALSE	0	0	0	0	0
M779	TRUE	moderate	FALSE	0	0	0	0	0
M780	TRUE	moderate	TRUE	4	2	0	0	2
M781	TRUE	moderate	TRUE	3	3	0	0	0
M782	FALSE	none	TRUE	1	0	1	0	0
M783	FALSE	none	FALSE	0	0	0	0	0
M784	TRUE	moderate	TRUE	2	1	1	0	0
M785	FALSE	none	FALSE	0	0	0	0	0
M786	TRUE	moderate	TRUE	2	1	0	0	1
M787	TRUE	moderate	FALSE	0	0	0	0	0
M788	TRUE	moderate	FALSE	0	0	0	0	0
M789	TRUE	moderate	FALSE	0	0	0	0	0
M790	TRUE	moderate	TRUE	3	0	2	0	1
M791	TRUE	moderate	TRUE	4	2	1	0	1
M792	TRUE	strong	TRUE	2	0	2	0	0
M793	TRUE	strong	FALSE	0	0	0	0	0
M794	FALSE	none	TRUE	1	0	0	0	1
M795	TRUE	strong	TRUE	4	0	1	3	0
M796	TRUE	moderate	FALSE	0	0	0	0	0
M797	TRUE	moderate	TRUE	2	0	0	1	1
M798	FALSE	none	FALSE	0	0	0	0	0
M799	FALSE	none	TRUE	4	0	1	0	3
M800	TRUE	moderate	FALSE	0	0	0	0	0
M801	FALSE	none	TRUE	3	2	1	0	0
M802	TRUE	moderate	TRUE	3	0	3	0	0
M803	TRUE	moderate	TRUE	4	3	0	0	1
M804	TRUE	moderate	TRUE	2	1	1	0	0
M805	TRUE	moderate	FALSE	0	0	0	0	0
M806	TRUE	moderate	TRUE	3	3	0	0	0
M807	TRUE	moderate	TRUE	2	1	1	0	0
M808	TRUE	moderate	TRUE	3	1	0	1	1
M809	FALSE	none	TRUE	3	0	1	2	0
M810	FALSE	none	FALSE	0	0	0	0	0
M811	TRUE	moderate	TRUE	2	1	1	0	0
M812	TRUE	moderate	TRUE	4	2	2	0	0
M813	FALSE	none	TRUE	3	0	2	1	0
M814	TRUE	moderate	TRUE	4	0	3	0	1
M815	FALSE	none	FALSE	0	0	0	0	0
M816	TRUE	moderate	TRUE	1	0	0	0	1
M817	TRUE	moderate	TRUE	3	2	1	0	0
M818	TRUE	moderate	FALSE	0	0	0	0	0
M819	TRUE	moderate	TRUE	3	2	1	0	0
M820	TRUE	moderate	TRUE	3	1	2	0	0
M821	TRUE	moderate	TRUE	3	3	0	0	0
M822	FALSE	none	FALSE	0	0	0	0	0
M823	TRUE	moderate	TRUE	3	1	1	0	1
M824	TRUE	moderate	FALSE	0	0	0	0	0
M825	FALSE	none	TRUE	3	0	3	0	0
M826	TRUE	moderate	TRUE	2	0	1	1	0
M827	TRUE	moderate	TRUE	2	1	0	0	1
M828	FALSE	none	FALSE	0	0	0	0	0
M829	TRUE	moderate	FALSE	0	0	0	0	0
M830	TRUE	moderate	FALSE	0	0	0	0	0
M831	FALSE	none	TRUE	4	1	1	1	1
M832	TRUE	moderate	TRUE	4	0	2	0	2
M833	TRUE	moderate	TRUE	2	1	1	0	0
M834	TRUE	moderate	TRUE	3	1	1	1	0
M835	TRUE	moderate	TRUE	3	0	1	2	0
M836	TRUE	strong	TRUE	2	0	1	0	1
M837	TRUE	moderate	TRUE	3	2	1	0	0
M838	TRUE	moderate	TRUE	4	0	2	1	1
M839	FALSE	none	TRUE	3	0	1	0	2
M840	FALSE	none	TRUE	2	0	1	1	0
M841	TRUE	moderate	FALSE	0	0	0	0	0
M842	FALSE	none	TRUE	5	2	1	1	1
M843	TRUE	moderate	TRUE	2	1	1	0	0
M844	TRUE	moderate	TRUE	3	1	2	0	0
M845	TRUE	moderate	TRUE	2	1	0	1	0
M846	TRUE	moderate	TRUE	5	2	3	0	0
M847	TRUE	moderate	FALSE	0	0	0	0	0
M848	FALSE	none	FALSE	0	0	0	0	0
M849	TRUE	strong	TRUE	4	1	3	0	0
M850	FALSE	none	TRUE	2	0	1	0	1
M851	TRUE	moderate	TRUE	3	1	2	0	0
M852	FALSE	none	FALSE	0	0	0	0	0
M853	TRUE	moderate	TRUE	4	1	1	1	1
M854	TRUE	strong	TRUE	3	3	0	0	0
M855	TRUE	moderate	FALSE	0	0	0	0	0
M856	TRUE	moderate	FALSE	0	0	0	0	0
M857	TRUE	moderate	FALSE	0	0	0	0	0
M858	TRUE	moderate	FALSE	0	0	0	0	0
M859	TRUE	moderate	FALSE	0	0	0	0	0
M860	TRUE	moderate	TRUE	4	2	2	0	0
M861	TRUE	moderate	FALSE	0	0	0	0	0
M862	TRUE	moderate	TRUE	2	0	0	0	2
M863	TRUE	moderate	FALSE	0	0	0	0	0
M864	TRUE	moderate	FALSE	0	0	0	0	0
M865	FALSE	none	TRUE	2	0	0	2	0
M866	FALSE	none	TRUE	1	1	0	0	0
M867	TRUE	moderate	TRUE	4	1	0	2	1
M868	FALSE	none	FALSE	0	0	0	0	0
M869	FALSE	none	TRUE	4	2	1	0	1
M870	TRUE	moderate	FALSE	0	0	0	0	0
M871	TRUE	moderate	TRUE	2	1	0	1	0
M872	TRUE	moderate	TRUE	2	0	0	1	1
M873	TRUE	moderate	TRUE	2	0	2	0	0
M874	TRUE	moderate	TRUE	4	1	0	0	3
M875	TRUE	moderate	TRUE	4	1	0	0	3
M876	TRUE	moderate	TRUE	3	0	2	1	0
M877	TRUE	moderate	TRUE	3	0	1	1	1
M878	TRUE	moderate	TRUE	3	1	1	0	1
M879	TRUE	moderate	TRUE	2	1	1	0	0
M880	TRUE	moderate	FALSE	0	0	0	0	0
M881	TRUE	moderate	TRUE	2	0	0	1	1
M882	TRUE	moderate	TRUE	2	1	0	0	1
M883	TRUE	moderate	TRUE	3	2	0	1	0
M884	FALSE	none	TRUE	1	1	0	0	0
M885	TRUE	moderate	TRUE	1	0	0	1	0
M886	TRUE	moderate	TRUE	3	1	1	0	1
M887	FALSE	none	TRUE	2	1	1	0	0
M888	TRUE	moderate	FALSE	0	0	0	0	0
M889	TRUE	strong	TRUE	2	0	0	1	1
M890	TRUE	moderate	TRUE	1	1	0	0	0
M891	TRUE	moderate	FALSE	0	0	0	0	0
M892	TRUE	moderate	TRUE	1	1	0	0	0
M893	TRUE	moderate	TRUE	2	1	0	0	1
M894	TRUE	strong	TRUE	2	0	1	0	1
M895	TRUE	moderate	TRUE	3	1	0	1	1
M896	TRUE	moderate	TRUE	3	1	1	0	1
M897	TRUE	moderate	TRUE	3	1	1	1	0
M898	TRUE	moderate	TRUE	4	1	2	0	1
M899	FALSE	none	TRUE	3	1	1	0	1
M900	TRUE	moderate	TRUE	3	0	1	1	1
M901	TRUE	moderate	TRUE	4	2	1	1	0
M902	TRUE	strong	TRUE	3	2	0	1	0
M903	TRUE	moderate	TRUE	2	0	1	0	1
M904	TRUE	moderate	FALSE	0	0	0	0	0
M905	FALSE	none	TRUE	3	1	1	1	0
M906	TRUE	moderate	TRUE	3	2	0	0	1
M907	TRUE	moderate	TRUE	1	0	1	0	0
M908	TRUE	moderate	TRUE	2	1	1	0	0
M909	TRUE	moderate	TRUE	2	2	0	0	0
M910	TRUE	moderate	TRUE	3	0	3	0	0
M911	TRUE	moderate	FALSE	0	0	0	0	0
M912	TRUE	moderate	FALSE	0	0	0	0	0
M913	TRUE	moderate	TRUE	2	0	0	0	2
M914	TRUE	moderate	TRUE	3	3	0	0	0
M915	TRUE	strong	FALSE	0	0	0	0	0
M916	TRUE	moderate	FALSE	0	0	0	0	0
M917	FALSE	none	TRUE	1	0	0	0	1
M918	TRUE	strong	TRUE	3	0	1	2	0
M919	FALSE	none	TRUE	2	2	0	0	0
M920	TRUE	moderate	FALSE	0	0	0	0	0
M921	TRUE	moderate	FALSE	0	0	0	0	0
M922	TRUE	moderate	FALSE	0	0	0	0	0
M923	TRUE	moderate	TRUE	1	0	1	0	0
M924	FALSE	none	TRUE	3	2	1	0	0
M925	TRUE	moderate	TRUE	4	2	0	1	1
M926	TRUE	moderate	TRUE	1	0	0	1	0
M927	TRUE	moderate	FALSE	0	0	0	0	0
M928	FALSE	none	TRUE	3	3	0	0	0
M929	TRUE	moderate	TRUE	2	1	1	0	0
M930	TRUE	moderate	TRUE	4	1	2	1	0
M931	FALSE	none	FALSE	0	0	0	0	0
M932	TRUE	moderate	TRUE	2	1	1	0	0
M933	FALSE	none	TRUE	3	1	0	1	1
M934	TRUE	moderate	TRUE	2	0	1	1	0
M935	TRUE	moderate	TRUE	2	0	1	0	1
M936	TRUE	strong	FALSE	0	0	0	0	0
M937	FALSE	none	TRUE	5	1	2	2	0
M938	TRUE	moderate	FALSE	0	0	0	0	0
M939	FALSE	none	TRUE	3	1	2	0	0
M940	TRUE	moderate	TRUE	3	0	1	0	2
M941	TRUE	moderate	FALSE	0	0	0	0	0
M942	TRUE	moderate	TRUE	4	1	1	1	1
M943	FALSE	none	TRUE	2	0	1	1	0
M944	TRUE	moderate	FALSE	0	0	0	0	0
M945	TRUE	moderate	FALSE	0	0	0	0	0
M946	FALSE	none	FALSE	0	0	0	0	0
M947	TRUE	strong	FALSE	0	0	0	0	0
M948	TRUE	moderate	TRUE	3	1	1	1	0
M949	FALSE	none	TRUE	4	1	2	0	1
M950	FALSE	none	TRUE	3	1	2	0	0
M951	FALSE	none	TRUE	5	2	1	1	1
M952	TRUE	moderate	TRUE	2	0	1	1	0
M953	TRUE	moderate	FALSE	0	0	0	0	0
M954	TRUE	moderate	TRUE	3	2	0	0	1
M955	TRUE	moderate	FALSE	0	0	0	0	0
M956	TRUE	moderate	FALSE	0	0	0	0	0
M957	TRUE	moderate	FALSE	0	0	0	0	0
M958	FALSE	none	FALSE	0	0	0	0	0
M959	FALSE	none	TRUE	3	2	0	0	1
M960	TRUE	moderate	TRUE	2	0	1	0	1
M961	TRUE	moderate	TRUE	3	1	0	2	0
M962	FALSE	none	TRUE	4	0	1	3	0
M963	TRUE	moderate	TRUE	2	2	0	0	0
M964	FALSE	none	TRUE	2	0	1	0	1
M965	FALSE	none	TRUE	3	1	0	1	1
M966	TRUE	moderate	FALSE	0	0	0	0	0
M967	TRUE	strong	FALSE	0	0	0	0	0
M968	TRUE	moderate	TRUE	5	3	0	0	2
M969	TRUE	moderate	FALSE	0	0	0	0	0
M970	TRUE	moderate	TRUE	5	2	2	1	0
M971	TRUE	moderate	FALSE	0	0	0	0	0
M972	FALSE	none	FALSE	0	0	0	0	0
M973	TRUE	moderate	FALSE	0	0	0	0	0
M974	TRUE	moderate	FALSE	0	0	0	0	0
M975	TRUE	moderate	FALSE	0	0	0	0	0
M976	FALSE	none	TRUE	4	2	1	0	1
M977	TRUE	moderate	TRUE	2	1	1	0	0
M978	FALSE	none	TRUE	3	1	1	0	1
M979	FALSE	none	TRUE	3	1	0	1	1
M980	TRUE	moderate	TRUE	3	0	1	2	0
M981	TRUE	moderate	TRUE	4	0	2	2	0
M982	FALSE	none	TRUE	2	0	0	2	0
M983	FALSE	none	FALSE	0	0	0	0	0
M984	TRUE	moderate	FALSE	0	0	0	0	0
M985	TRUE	moderate	TRUE	3	2	1	0	0
M986	TRUE	moderate	FALSE	0	0	0	0	0
M987	TRUE	moderate	TRUE	3	1	0	0	2
M988	TRUE	moderate	TRUE	3	2	1	0	0
M989	FALSE	none	TRUE	3	0	1	1	1
M990	TRUE	moderate	TRUE	3	2	1	0	0
M991	FALSE	none	FALSE	0	0	0	0	0
M992	FALSE	none	FALSE	0	0	0	0	0
M993	FALSE	none	FALSE	0	0	0	0	0
M994	TRUE	moderate	TRUE	5	0	2	0	3
M995	FALSE	none	TRUE	3	2	0	1	0
M996	FALSE	none	FALSE	0	0	0	0	0
M997	TRUE	strong	TRUE	1	1	0	0	0
M998	FALSE	none	TRUE	2	0	1	1	0
M999	TRUE	moderate	TRUE	3	2	1	0	0
M1000	TRUE	moderate	TRUE	3	1	1	1	0
